Mean,Std
1.5681708375341998,3.363286413759265
