SNR (dB),Mean,Std
10,1.5681708375341998,3.363286413759265
