SNR (dB),Mean,Std
10,1.6574999220373068,3.254712658004131
