SNR (dB),Mean,Std
10,1.6390767968743707,3.271111234567238
