Mean,Std
1.6390767968743707,3.271111234567238
